[
  {
    "relation": ["delegate_permission/common.handle_all_urls"],
    "target": {
      "namespace": "android_app",
      "package_name": "com.developmentnow.xcite",
      "sha256_cert_fingerprints": [
        "25:F2:55:44:26:43:4C:D4:77:89:A6:7F:0A:E2:5E:4D:63:89:C3:F7:67:C1:F3:A4:DD:81:72:24:EF:1D:57:3B"
      ]
    }
  },
  {
    "relation": ["delegate_permission/common.handle_all_urls"],
    "target": {
      "namespace": "android_app",
      "package_name": "com.developmentnow.xciteqa",
      "sha256_cert_fingerprints": [
        "25:F2:55:44:26:43:4C:D4:77:89:A6:7F:0A:E2:5E:4D:63:89:C3:F7:67:C1:F3:A4:DD:81:72:24:EF:1D:57:3B"
      ]
    }
  },
  {
    "relation": ["delegate_permission/common.handle_all_urls"],
    "target": {
      "namespace": "android_app",
      "package_name": "com.alghanim.safathome",
      "sha256_cert_fingerprints": [
        "E3:6C:94:AD:5C:67:71:9A:72:4A:E2:17:F7:54:4F:81:1B:37:E9:F7:CD:CD:30:4A:90:C6:20:BD:DE:25:BA:69"
      ]
    }
  },
  {
    "relation": ["delegate_permission/common.handle_all_urls"],
    "target": {
      "namespace": "android_app",
      "package_name": "com.alghanim.safathomeqa",
      "sha256_cert_fingerprints": [
        "E3:6C:94:AD:5C:67:71:9A:72:4A:E2:17:F7:54:4F:81:1B:37:E9:F7:CD:CD:30:4A:90:C6:20:BD:DE:25:BA:69"
      ]
    }
  }
]
