[
    {
        "websiteId": "1",
        "countryFlag": "https://m.xcite.com/skin/frontend/xvii/xapi/images/kuwait_flag.png",
        "stores": [
            {
                "storeId": "1",
                "storeLanguage": "kw_en",
                "languageLabel": "English"
            },
            {
                "storeId": "5",
                "storeLanguage": "kw_ar",
                "languageLabel": "العربية"
            }
        ]
    },
    {
        "websiteId": "3",
        "countryFlag": "https://m.xcite.com/skin/frontend/xvii/xapi/images/ksa_flag.png",
        "stores": [
            {
                "storeId": "3",
                "storeLanguage": "ksa_en",
                "languageLabel": "English"
            },
            {
                "storeId": "4",
                "storeLanguage": "ksa_ar",
                "languageLabel": "العربية"
            }
        ]
    }
]